{"cameraMode":{"drawMode":0,"name":"Shaded","section":"Shading Mode"},"sceneLighting":true,"audioPlay":false,"sceneViewState":{"m_AlwaysRefresh":false,"showFog":true,"showSkybox":true,"showFlares":true,"showImageEffects":true,"showParticleSystems":true,"showVisualEffectGraphs":true,"m_FxEnabled":true},"in2DMode":false,"pivot":{"x":-0.39844563603401186,"y":-0.6711298823356628,"z":-0.35103490948677065},"rotation":{"x":-0.09016580879688263,"y":0.8671063184738159,"z":-0.17018947005271913,"w":-0.45938974618911745},"size":1.3502801656723023,"orthographic":false}