{"cameraMode":{"drawMode":0,"name":"Shaded","section":"Shading Mode"},"sceneLighting":true,"audioPlay":false,"sceneViewState":{"m_AlwaysRefresh":false,"showFog":true,"showSkybox":true,"showFlares":true,"showImageEffects":true,"showParticleSystems":true,"showVisualEffectGraphs":true,"m_FxEnabled":true},"in2DMode":false,"pivot":{"x":-1.0329056978225709,"y":-0.08839064091444016,"z":-5.365821361541748},"rotation":{"x":-0.012918012216687203,"y":0.9870414733886719,"z":-0.11782513558864594,"w":-0.10821554809808731},"size":11.809715270996094,"orthographic":false}